﻿<?xml version="1.0" encoding="utf-8"?>
<Defs>
<!--Bases-->
-<ThingDef Abstract="True" Name="ResourceBase">
<thingClass>ThingWithComps</thingClass>
<category>Item</category>
<resourceReadoutPriority>Middle</resourceReadoutPriority>
<useHitPoints>true</useHitPoints>
<selectable>true</selectable>
<altitudeLayer>Item</altitudeLayer>
<stackLimit>75</stackLimit>
<statBases>
<Beauty>-7</Beauty>
</statBases>
<comps>
<li Class="CompProperties_Forbiddable"/>
</comps>
<alwaysHaulable>true</alwaysHaulable>
<drawGUIOverlay>true</drawGUIOverlay>
<rotatable>false</rotatable>
<pathCost>15</pathCost>
</ThingDef>  
<ThingDef ParentName="ResourceBase" Name="OrganicProductBase" Abstract="True">
<graphicData>
<graphicClass>Graphic_Single</graphicClass>
</graphicData>
<socialPropernessMatters>true</socialPropernessMatters>
<statBases>
<MaxHitPoints>100</MaxHitPoints>
<Flammability>1.0</Flammability>
<DeteriorationRate>10</DeteriorationRate>
<Mass>0.03</Mass>
</statBases>
<tickerType>Rare</tickerType>
</ThingDef>
<ThingDef ParentName="OrganicProductBase" Name="PlantFoodRawBase" Abstract="True">
<ingestible>
<preferability>RawBad</preferability>
<tasteThought>AteRawFood</tasteThought>
<nutrition>0.05</nutrition>
<ingestEffect>EatVegetarian</ingestEffect>
<ingestSound>RawVegetable_Eat</ingestSound>
</ingestible>
<thingCategories>
<li>PlantFoodRaw</li>
</thingCategories>
<comps>
<li Class="CompProperties_FoodPoisoningChance"/>
</comps>
</ThingDef>
<!--Kibble-->
<ThingDef ParentName="OrganicProductBase">
    <defName>Kibble</defName>
    <label>kibble</label>
    <thingCategories>
      <li>Foods</li>
    </thingCategories>
    <description>Kibble animal feed made from mixed meat and plant sources. Humans can eat it, but they really, really don't like it.</description>
    <graphicData>
      <texPath>Things/Item/Kibble</texPath>
    </graphicData>
    <statBases>
      <MarketValue>1.3</MarketValue>
      <Mass>0.015</Mass>
    </statBases>
    <ingestible>
      <foodType>Kibble</foodType>
      <preferability>RawBad</preferability>
      <tasteThought>AteKibble</tasteThought>
      <optimalityOffsetFeedingAnimals>-30</optimalityOffsetFeedingAnimals>
      <nutrition>0.05</nutrition>
      <ingestEffect>EatVegetarian</ingestEffect>
      <ingestSound>RawVegetable_Eat</ingestSound>
    </ingestible>
</ThingDef>
</Defs>